DIPLOMA_DI_LAUREA_DL;RIFERIMENTO_NORMATIVO;ID_DM509;LAUREA_SPECIALISTICA_DM509;ID_DM270;LAUREA_MAGISTRALE_DM270
Architettura;Tabella XXX del regio decreto 30.9.1938 n.1652 come modificata dal D.M. 24.2.1993, in G.U.n.153 del 2.7.1993;3/S;Architettura del paesaggio;LM-3;Architettura del paesaggio
Architettura;Tabella XXX del regio decreto 30.9.1938 n.1652 come modificata dal D.M. 24.2.1993, in G.U.n.153 del 2.7.1993;4/S;Architettura e ingegneria edile;LM-4;Architettura e ingegneria edile- architettura
Astronomia;Tabella XXII-bis del regio decreto 30.9.1938 n.1652 come modificata dal DM 5.6.1995 in G.U. n. 267 del 15.11.1995 e D.M. 19.7.1996 in G.U. n. 226 del 26.9.1996;20/S;Fisica;LM-17;Fisica
Astronomia;Tabella XXII-bis del regio decreto 30.9.1938 n.1652 come modificata dal DM 5.6.1995 in G.U. n. 267 del 15.11.1995 e D.M. 19.7.1996 in G.U. n. 226 del 26.9.1996;66/S;Scienze dell’universo;LM-58;Scienze dell'universo
Biotecnologie agro-industriali;Tabella XXXVIII del regio decreto 30.9.1938 n.1652, aggiunta dal D.M. 23.11.1991, in G.U. n. 109 del 12.5.1992;7/S;Biotecnologie agrarie;LM-7;Biotecnologie agrarie
Biotecnologie agro-industriali;Tabella XXXVIII del regio decreto 30.9.1938 n.1652, aggiunta dal D.M. 23.11.1991, in G.U. n. 109 del 12.5.1992;8/S;Biotecnologie industriali;LM-8;Biotecnologie industriali
Biotecnologie indirizzo Biotecnologie agrarie vegetali;Tabella XXIV-bis del regio decreto 30.9.1938 n.1652 come modificata dal DM 12.3.1994 in G.U. n. 192 del 18.8.1994 e dal D.M. 19.10.1995 in G.U. n. 296 del 20.12.1995;7/S;Biotecnologie agrarie;LM-7;Biotecnologie agrarie
Biotecnologie indirizzo Biotecnologie farmaceutiche;Tabella XXIV-bis del regio decreto 30.9.1938 n.1652 come modificata dal DM 12.3.1994 in G.U. n. 192 del 18.8.1994 e dal D.M. 19.10.1995 in G.U. n. 296 del 20.12.1995;9/S;Biotecnologie mediche, veterinarie e farmaceutiche;LM-9;Biotecnologie mediche, veterinarie e farmaceutiche
Biotecnologie indirizzo Biotecnologie industriali;Tabella XXIV-bis del regio decreto 30.9.1938 n.1652 come modificata dal DM 12.3.1994 in G.U. n. 192 del 18.8.1994 e dal D.M. 19.10.1995 in G.U. n. 296 del 20.12.1995;8/S;Biotecnologie industriali;LM-8;Biotecnologie industriali
Biotecnologie indirizzo Biotecnologie mediche;Tabella XXIV-bis del regio decreto 30.9.1938 n.1652 come modificata dal DM 12.3.1994 in G.U. n. 192 del 18.8.1994 e dal D.M. 19.10.1995 in G.U. n. 296 del 20.12.1995;9/S;Biotecnologie mediche, veterinarie e farmaceutiche;LM-9;Biotecnologie mediche, veterinarie e farmaceutiche
Biotecnologie indirizzo Biotecnologie veterinarie;Tabella XXIV-bis del regio decreto 30.9.1938 n.1652 come modificata dal DM 12.3.1994 in G.U. n. 192 del 18.8.1994 e dal D.M. 19.10.1995 in G.U. n. 296 del 20.12.1995;9/S;Biotecnologie mediche, veterinarie e farmaceutiche;LM-9;Biotecnologie mediche, veterinarie e farmaceutiche
Chimica;Tabella XIX del regio decreto 30.9.1938 n.1652 come modificata dal DM 22.5.1995 in G.U. n. 166 del 18.7.1995;62/S;Scienze chimiche;LM-54;Scienze chimiche
Chimica e Tecnologie Farmaceutiche o Chimica e tecnologia farmaceutiche;Tabella XXVII-bis del regio decreto 30.9.1938 n.1652 come modificata dal DM 30.6.1995 in G.U. n. 41 del 19.2.1996;14/S;Farmacia e farmacia industriale;LM-13;Farmacia e farmacia industriale
Chimica Industriale;Tabella XX del regio decreto 30.9.1938 n.1652 come modificato dal DM 22.5.1995 in G.U. n. 166 del 18.7.1995 e D.M. 16.2.1996 in G.U. n. 88 del 15.4.1996.;81/S;Scienze e tecnologie della chimica industriale;LM-71;Scienze e tecnologie della chimica industriale
Comunicazione Internazionale;Università per stranieri Perugia - Decreto Rett. n. 18 del 4.2.2000;43/S;Lingue straniere per la comunicazione internazionale;LM-38;Lingue moderne per la comunicazione e la cooperazione
Conservazione dei beni culturali;Tab. XIII-ter del regio decreto 30.9.1938 n.1652 come modificata dal D.P.R. n. 484 del 22.7.1983 in G.U. n. 254 del 15.9.83 e dal DM 21.10.1991 in G.U. n.93 del;1/S;Antropologia culturale ed etnologia;LM-1;Antropologia culturale ed etnologia
Conservazione dei beni culturali;Tab. XIII-ter del regio decreto 30.9.1938 n.1652 come modificata dal D.P.R. n. 484 del 22.7.1983 in G.U. n. 254 del 15.9.83 e dal DM 21.10.1991 in G.U. n.93 del;2/S;Archeologia;LM-2;Archeologia
Conservazione dei beni culturali;Tab. XIII-ter del regio decreto 30.9.1938 n.1652 come modificata dal D.P.R. n. 484 del 22.7.1983 in G.U. n. 254 del 15.9.83 e dal DM 21.10.1991 in G.U. n.93 del;5/S;Archivistica e biblioteconomia;LM-5;Archivistica e biblioteconomia
Conservazione dei beni culturali;Tab. XIII-ter del regio decreto 30.9.1938 n.1652 come modificata dal D.P.R. n. 484 del 22.7.1983 in G.U. n. 254 del 15.9.83 e dal DM 21.10.1991 in G.U. n.93 del;10/S;Conservazione dei beni architettonici e ambientali;LM-10;Conservazione dei beni architettonici e ambientali
Conservazione dei beni culturali;Tab. XIII-ter del regio decreto 30.9.1938 n.1652 come modificata dal D.P.R. n. 484 del 22.7.1983 in G.U. n. 254 del 15.9.83 e dal DM 21.10.1991 in G.U. n.93 del;11/S;Conservazione dei beni scientifici e della civiltà industriale;LM-11;Conservazione e restauro dei beni culturali
Conservazione dei beni culturali;Tab. XIII-ter del regio decreto 30.9.1938 n.1652 come modificata dal D.P.R. n. 484 del 22.7.1983 in G.U. n. 254 del 15.9.83 e dal DM 21.10.1991 in G.U. n.93 del;12/S;Conservazione e restauro del patrimonio storico-artistico;LM-11;Conservazione e restauro dei beni culturali
Conservazione dei beni culturali;Tab. XIII-ter del regio decreto 30.9.1938 n.1652 come modificata dal D.P.R. n. 484 del 22.7.1983 in G.U. n. 254 del 15.9.83 e dal DM 21.10.1991 in G.U. n.93 del;24/S;Informatica per le discipline umanistiche;LM-43;Metodologie informatiche per le discipline umanistiche
Conservazione dei beni culturali;Tab. XIII-ter del regio decreto 30.9.1938 n.1652 come modificata dal D.P.R. n. 484 del 22.7.1983 in G.U. n. 254 del 15.9.83 e dal DM 21.10.1991 in G.U. n.93 del;51/S;Musicologia e beni musicali;LM-45;Musicologia e beni culturali
Conservazione dei beni culturali;Tab. XIII-ter del regio decreto 30.9.1938 n.1652 come modificata dal D.P.R. n. 484 del 22.7.1983 in G.U. n. 254 del 15.9.83 e dal DM 21.10.1991 in G.U. n.93 del;95/S;Storia dell’arte;LM-89;Storia dell'arte
Discipline delle arti, della musica e dello spettacolo;Tab. XVI-bis del regio decreto 30.9.1938 n.1652, aggiunta dal D.M. 30.4.1996 in G.U. n.168 del 19.7.1996;24/S;Informatica per le discipline umanistiche;LM-43;Metodologie informatiche per le discipline umanistiche
Discipline delle arti, della musica e dello spettacolo;Tab. XVI-bis del regio decreto 30.9.1938 n.1652, aggiunta dal D.M. 30.4.1996 in G.U. n.168 del 19.7.1996;51/S;Musicologia e beni musicali;LM-45;Musicologia e beni culturali
Discipline delle arti, della musica e dello spettacolo;Tab. XVI-bis del regio decreto 30.9.1938 n.1652, aggiunta dal D.M. 30.4.1996 in G.U. n.168 del 19.7.1996;73/S;Scienze dello spettacolo e della produzione multimediale;LM-65;Scienze dello spettacolo e produzione multimediale
Discipline delle arti, della musica e dello spettacolo;Tab. XVI-bis del regio decreto 30.9.1938 n.1652, aggiunta dal D.M. 30.4.1996 in G.U. n.168 del 19.7.1996;95/S;Storia dell’arte;LM-89;Storia dell'arte
Discipline economiche e sociali;Tabella VIII del regio decreto 30.9.1938 n.1652 come modificata dal DM 27.10.1992 in G.U. n. 18 del 23.1.1993 e DM 26.2.1996 in G.U. n. 97 del 26.4.1996;64/S;Scienze dell’economia;LM-56;Scienze dell'economia
Disegno industriale;Tabella XXX del regio decreto 30.9.1938 n.1652 come modificata ed integrata dal D.M. 24.2.1993, in G.U.n.153 del 2.7.1993;103/S;Teorie e metodi del disegno industriale;LM-12;Design
Economia ambientale;Tabella VIII del regio decreto 30.9.1938 n.1652 come modificata dal DM 27.10.1992 in G.U. n. 18 del 23.1.1993 e DM 26.2.1996 in G.U. n. 97 del 26.4.1996;64/S;Scienze dell’economia;LM-56;Scienze dell'economia
Economia ambientale;Tabella VIII del regio decreto 30.9.1938 n.1652 come modificata dal DM 27.10.1992 in G.U. n. 18 del 23.1.1993 e DM 26.2.1996 in G.U. n. 97 del 26.4.1996;83/S;Scienze economiche per l’ambiente e la cultura;LM-76;Scienze economiche per l'ambiente e la cultura
Economia assicurativa e previdenziale;Tabella VIII del regio decreto 30.9.1938 n.1652 come modificata dal DM 27.10.1992 in G.U. n. 18 del 23.1.1993 e DM 26.2.1996 in G.U. n.;84/S;Scienze economico-aziendali;LM-77;Scienze economico-aziendali
Economia aziendale;Tabella VIII del regio decreto 30.9.1938 n.1652 come modificata dal DM 27.10.1992 in G.U. n. 18 del 23.1.1993 e DM 26.2.1996 in G.U. n. 97 del 26.4.1996;84/S;Scienze economico-aziendali;LM-77;Scienze economico-aziendali
Economia bancaria;Tabella VIII del regio decreto 30.9.1938 n.1652 come modificata dal DM 27.10.1992 in G.U. n. 18 del 23.1.1993 e DM 26.2.1996 in G.U. n. 97 del 26.4.1996;84/S;Scienze economico-aziendali;LM-77;Scienze economico-aziendali
Economia bancaria, finanziaria e assicurativa;Macerata - E' adottato l’ordinamento di Economia Bancaria;84/S;Scienze economico-aziendali;LM-77;Scienze economico-aziendali
Economia del commercio internazionale e dei mercati valutari;Tabella VIII del regio decreto 30.9.1938 n.1652 come modificata dal DM 27.10.1992 in G.U. n. 18 del 23.1.1993 e DM 26.2.1996 in G.U. n. 97 del 26.4.1996;64/S;Scienze dell’economia;LM-56;Scienze dell'economia
Economia del turismo;Tabella VIII del regio decreto 30.9.1938 n.1652 come modificata dal DM 27.10.1992 in G.U. n. 18 del 23.1.1993 e DM 26.2.1996 in G.U. n. 97 del 26.4.1996;64/S;Scienze dell’economia;LM-56;Scienze dell'economia
Economia del turismo;Tabella VIII del regio decreto 30.9.1938 n.1652 come modificata dal DM 27.10.1992 in G.U. n. 18 del 23.1.1993 e DM 26.2.1996 in G.U. n. 97 del 26.4.1996;84/S;Scienze economico-aziendali;LM-77;Scienze economico-aziendali
Economia delle amministrazioni pubbliche e delle istituzioni internazionali;Tabella VIII del regio decreto 30.9.1938 n.1652 come modificata dal DM 27.10.1992 in G.U. n. 18 del 23.1.1993 e DM 26.2.1996 in G.U. n. 97 del 26.4.1996;64/S;Scienze dell’economia;LM-56;Scienze dell'economia
Economia delle amministrazioni pubbliche e delle istituzioni internazionali;Tabella VIII del regio decreto 30.9.1938 n.1652 come modificata dal DM 27.10.1992 in G.U. n. 18 del 23.1.1993 e DM 26.2.1996 in G.U. n. 97 del 26.4.1996;84/S;Scienze economico-aziendali;LM-77;Scienze economico-aziendali
Economia delle istituzioni e dei mercati finanziari;Tabella VIII del regio decreto 30.9.1938 n.1652 come modificata dal DM 27.10.1992 in G.U. n. 18 del 23.1.1993 e DM 26.2.1996 in G.U. n. 97 del 26.4.1996;64/S;Scienze dell’economia;LM-56;Scienze dell'economia
Economia delle istituzioni e dei mercati finanziari;Tabella VIII del regio decreto 30.9.1938 n.1652 come modificata dal DM 27.10.1992 in G.U. n. 18 del 23.1.1993 e DM 26.2.1996 in G.U. n. 97 del 26.4.1996;19/S;Finanza;LM-16;Finanza
Economia e commercio;Tabella VIII del regio decreto 30.9.1938 n.1652 come modificata;64/S;Scienze dell’economia;LM-56;Scienze dell'economia
Economia e commercio;Tabella VIII del regio decreto 30.9.1938 n.1652 come modificata;84/S;Scienze economico-aziendali;LM-77;Scienze economico-aziendali
Economia e finanza;Parma - Decreto Rettorale 31.7.1998 su GU 234 del 7.10.1998;19/S;Finanza;LM-16;Finanza
Economia e finanza;Parma - Decreto Rettorale 31.7.1998 su GU 234 del 7.10.1998;84/S;Scienze economico-aziendali;LM-77;Scienze economico-aziendali
Economia e gestione dei servizi;Modena e Reggio Emilia (Reggio Emilia) - Decreto Rett. del 30.7.1998 in Suppl. G.U. n. 208/1998;84/S;Scienze economico-aziendali;LM-77;Scienze economico-aziendali
Economia e legislazione per l’impresa;Tabella VIII del regio decreto 30.9.1938 n.1652 come modificata dal DM 27.10.1992 in G.U. n. 18 del 23.1.1993 e DM 26.2.1996 in G.U. n. 97 del 26.4.1996;84/S;Scienze economico-aziendali;LM-77;Scienze economico-aziendali
Economia industriale;Tabella VIII del regio decreto 30.9.1938 n.1652 come modificata dal DM 27.10.1992 in G.U. n. 18 del 23.1.1993 e DM 26.2.1996 in G.U. n. 97 del 26.4.1996;64/S;Scienze dell’economia;LM-56;Scienze dell'economia
Economia industriale;Tabella VIII del regio decreto 30.9.1938 n.1652 come modificata dal DM 27.10.1992 in G.U. n. 18 del 23.1.1993 e DM 26.2.1996 in G.U. n. 97 del 26.4.1996;84/S;Scienze economico-aziendali;LM-77;Scienze economico-aziendali
Economia marittima e dei trasporti;Tabella VIII del regio decreto 30.9.1938 n.1652 come modificata dal DM 27.10.1992 in G.U. n. 18 del 23.1.1993 e DM 26.2.1996 in G.U. n. 97 del 26.4.1996;84/S;Scienze economico-aziendali;LM-77;Scienze economico-aziendali
Economia per le arti, la cultura e la comunicazione;Milano Bocconi - Decreto Rett. n. 4818 del 23.7.1999;83/S;Scienze economiche per l’ambiente e la cultura;LM-76;Scienze economiche per l'ambiente e la cultura
Economia per le arti, la cultura e la comunicazione;Milano Bocconi - Decreto Rett. n. 4818 del 23.7.1999;84/S;Scienze economico-aziendali;LM-77;Scienze economico-aziendali
Economia politica;Tabella VIII del regio decreto 30.9.1938 n.1652 come modificata dal DM 27.10.1992 in G.U. n. 18 del 23.1.1993 e DM 26.2.1996 in G.U. n. 97 del 26.4.1996;64/S;Scienze dell’economia;LM-56;Scienze dell'economia
Farmacia;Tabella XXVII del regio decreto 30.9.1938 n.1652 come modificata dal DM 30.6.1995 in G.U. n. 41 del 19.2.1996;14/S;Farmacia e farmacia industriale;LM-13;Farmacia e farmacia industriale
Filologia e storia dell'Europa Orientale;Napoli Orientale - D.P.R. 16.4.1973 n. 543 in G.U. n. 240 del 17.9.1973;42/S;Lingue e letterature moderne euroamericane;LM-37;Lingue e letterature moderne europee e americane
Filologie, storia e cultura dei paesi islamici;Napoli Orientale - Decreto Rett.31.10.1997 su G.U. 263 del 11.11.1997;41/S;Lingue e letterature afroasiatiche;LM-36;Lingue e letterature dell'Africa e dell'Asia
Filosofia;Tabella XIII del regio decreto 30.9.1938 n.1652 come modificata dal DM 6.7.1995 in G.U. n. 270 del 18.11.1995 e D.M. 7.3.1997 in G.U. n. 104 del 7.5.1997;17/S;Filosofia e storia della scienza;LM-78;Scienze filosofiche
Filosofia;Tabella XIII del regio decreto 30.9.1938 n.1652 come modificata dal DM 6.7.1995 in G.U. n. 270 del 18.11.1995 e D.M. 7.3.1997 in G.U. n. 104 del 7.5.1997;18/S;Filosofia teoretica, morale, politica ed estetica;LM-78;Scienze filosofiche
Filosofia;Tabella XIII del regio decreto 30.9.1938 n.1652 come modificata dal DM 6.7.1995 in G.U. n. 270 del 18.11.1995 e D.M. 7.3.1997 in G.U. n. 104 del 7.5.1997;96/S;Storia della filosofia;LM-78;Scienze filosofiche
Fisica;Tabella XXI del regio decreto 30.9.1938 n.1652 come modificata dal DM 23.2.1994 in G.U. n. 147 del 25.6.1994;20/S;Fisica;LM-17;Fisica
Fisica;Tabella XXI del regio decreto 30.9.1938 n.1652 come modificata dal DM 23.2.1994 in G.U. n. 147 del 25.6.1994;50/S;Modellistica matematico-fisica per l'ingegneria;LM-44;Modellistica matematico-fisica per l'ingegneria
Fisica;Tabella XXI del regio decreto 30.9.1938 n.1652 come modificata dal DM 23.2.1994 in G.U. n. 147 del 25.6.1994;66/S;Scienze dell’universo;LM-58;Scienze dell'universo
Geografia;Tabella XXXIV del regio decreto 30.9.1938 n.1652 come modificata dal DM 29.12.1992 in G.U. n.170 del 22.7.1993;21/S;Geografia;LM-80;Scienze geografiche
Giurisprudenza;Tabella III del regio decreto 30.9.1938 n.1652 come modificata dal DM 11.2.1994 in G.U. n. 148 del 27.6.1994, DM 31.5.1995 in G.U. n. 266 del 14.11.1995 e D.M. 8.8.1996 in G.U. n. 236 del 8.10.1996;22/S;Giurisprudenza;LMG/01;Giurisprudenza
Giurisprudenza;Tabella III del regio decreto 30.9.1938 n.1652 come modificata dal DM 11.2.1994 in G.U. n. 148 del 27.6.1994, DM 31.5.1995 in G.U. n. 266 del 14.11.1995 e D.M. 8.8.1996 in G.U. n. 236 del 8.10.1996;102/S;Teoria e tecniche della normazione e dell'informazione giuridica;LMG/01;Giurisprudenza
Informatica;Tab. XXVI-bis del regio decreto 30.9.1938 n.1652 come modificata dal DM 30.10.1992 in G.U. n.59 del 12.3.1993;23/S;Informatica;LM-18;Informatica
Informatica;Tab. XXVI-bis del regio decreto 30.9.1938 n.1652 come modificata dal DM 30.10.1992 in G.U. n.59 del 12.3.1993;23/S;Informatica;LM-66;Sicurezza informatica
Informatica;Tab. XXVI-bis del regio decreto 30.9.1938 n.1652 come modificata dal DM 30.10.1992 in G.U. n.59 del 12.3.1993;100/S;Tecniche e metodi per la società dell'informazione;LM-91;Tecniche e metodi per la società dell'informazione
Ingegneria aerospaziale;Tabella XXIX del regio decreto 30.9.1938 n.1652 come modificata dal DM 22.5.1995 in G.U. n. 166 del 18.7.1995;25/S;Ingegneria aerospaziale e astronautica;LM-20;Ingegneria aerospaziale e astronautica
Ingegneria biomedica;Tabella XXIX del regio decreto;26/S;Ingegneria biomedica;LM-21;Ingegneria biomedica
Ingegneria chimica;Tabella XXIX del regio decreto 30.9.1938 n.1652 come modificata dal DM 22.5.1995 in G.U. n. 166 del 18.7.1995;27/S;Ingegneria chimica;LM-22;Ingegneria chimica
Ingegneria chimica;Tabella XXIX del regio decreto 30.9.1938 n.1652 come modificata dal DM 22.5.1995 in G.U. n. 166 del 18.7.1995;27/S;Ingegneria chimica;LM-26;Ingegneria della sicurezza
Ingegneria civile;Tabella XXIX del regio decreto 30.9.1938 n.1652 come modificata dal DM 22.5.1995 in G.U. n. 166 del 18.7.1995;28/S;Ingegneria civile;LM-23;Ingegneria civile
Ingegneria civile;Tabella XXIX del regio decreto 30.9.1938 n.1652 come modificata dal DM 22.5.1995 in G.U. n. 166 del 18.7.1995;28/S;Ingegneria civile;LM-24;Ingegneria dei sistemi edilizi
Ingegneria civile;Tabella XXIX del regio decreto 30.9.1938 n.1652 come modificata dal DM 22.5.1995 in G.U. n. 166 del 18.7.1995;28/S;Ingegneria civile;LM-26;Ingegneria della sicurezza
Ingegneria dei materiali;Tabella XXIX del regio decreto 30.9.1938 n.1652 come modificata dal DM 22.5.1995 in G.U. n. 166 del 18.7.1995;61/S;Scienza e ingegneria dei materiali;LM-53;Scienza e ingegneria dei materiali
Ingegneria delle telecomunicazioni;Tabella XXIX del regio decreto 30.9.1938 n.1652 come modificata dal DM 22.5.1995 in G.U. n. 166 del 18.7.1995;30/S;Ingegneria delle telecomunicazioni;LM-27;Ingegneria delle telecomunicazioni
Ingegneria delle telecomunicazioni;Tabella XXIX del regio decreto 30.9.1938 n.1652 come modificata dal DM 22.5.1995 in G.U. n. 166 del 18.7.1995;30/S;Ingegneria delle telecomunicazioni;LM-26;Ingegneria della sicurezza
Ingegneria edile;Tabella XXIX del regio decreto 30.9.1938 n.1652 come modificata dal DM 22.5.1995 in G.U. n. 166 del 18.7.1995;28/S;Ingegneria civile;LM-23;Ingegneria civile
Ingegneria edile;Tabella XXIX del regio decreto 30.9.1938 n.1652 come modificata dal DM 22.5.1995 in G.U. n. 166 del 18.7.1995;28/S;Ingegneria civile;LM-24;Ingegneria dei sistemi edilizi
Ingegneria edile;Tabella XXIX del regio decreto 30.9.1938 n.1652 come modificata dal DM 22.5.1995 in G.U. n. 166 del 18.7.1995;28/S;Ingegneria civile;LM-26;Ingegneria della sicurezza
Ingegneria edile - Architettura;Decreti Pavia, Roma Sapienza, L’Aquila - Decreto Rett. n. 198-0084 del 29.7.1998 in G.U. n. 193 del 29.8.1998;4/S;Architettura e ingegneria edile;LM-4;Architettura e ingegneria edile- architettura
Ingegneria elettrica;Tabella XXIX del regio decreto 30.9.1938 n.1652 come modificata dal DM 22.5.1995 in G.U. n. 166 del 18.7.1995;31/S;Ingegneria elettrica;LM-28;Ingegneria elettrica
Ingegneria elettrica;Tabella XXIX del regio decreto 30.9.1938 n.1652 come modificata dal DM 22.5.1995 in G.U. n. 166 del 18.7.1995;31/S;Ingegneria elettrica;LM-26;Ingegneria della sicurezza
Ingegneria elettrica;Tabella XXIX del regio decreto 30.9.1938 n.1652 come modificata dal DM 22.5.1995 in G.U. n. 166 del 18.7.1995;29/S;Ingegneria dell'automazione;LM-25;Ingegneria dell'automazione
Ingegneria elettronica;Tabella XXIX del regio decreto 30.9.1938 n.1652 come modificata dal DM 22.5.1995 in G.U. n. 166 del 18.7.1995;32/S;Ingegneria elettronica;LM-29;Ingegneria elettronica
Ingegneria elettronica;Tabella XXIX del regio decreto 30.9.1938 n.1652 come modificata dal DM 22.5.1995 in G.U. n. 166 del 18.7.1995;29/S;Ingegneria dell'automazione;LM-25;Ingegneria dell'automazione
Ingegneria gestionale;Tabella XXIX del regio decreto 30.9.1938 n.1652 come modificata dal DM 22.5.1995 in G.U. n. 166 del 18.7.1995;34/S;Ingegneria gestionale;LM-31;Ingegneria gestionale
Ingegneria industriale;Modena e Reggio Emilia (Reggio Emilia) - Decreto Rett. n. 501 del 30.7.1998 in G.U. del 7.9.1998;36/S;Ingegneria meccanica;LM-33;Ingegneria meccanica
Ingegneria informatica;Tabella XXIX del regio decreto 30.9.1938 n.1652 come modificata dal DM 22.5.1995 in G.U. n. 166 del 18.7.1995;35/S;Ingegneria informatica;LM-32;Ingegneria informatica
Ingegneria meccanica;Tabella XXIX del regio decreto 30.9.1938 n.1652 come modificata dal DM 22.5.1995 in G.U. n. 166 del 18.7.1995;36/S;Ingegneria meccanica;LM-33;Ingegneria meccanica
Ingegneria medica;Roma Tor Vergata - vedi Ingegneria biomedica;26/S;Ingegneria biomedica;LM-21;Ingegneria biomedica
Ingegneria navale;Tabella XXIX del regio decreto 30.9.1938 n.1652 come modificata dal DM 22.5.1995 in G.U. n. 166 del 18.7.1995;37/S;Ingegneria navale;LM-34;Ingegneria navale
Ingegneria nucleare;Tabella XXIX del regio decreto 30.9.1938 n.1652 come modificata dal DM 22.5.1995 in G.U. n. 166 del 18.7.1995;33/S;Ingegneria energetica e nucleare;LM-30;Ingegneria energetica e nucleare
Ingegneria nucleare;Tabella XXIX del regio decreto 30.9.1938 n.1652 come modificata dal DM 22.5.1995 in G.U. n. 166 del 18.7.1995;33/S;Ingegneria energetica e nucleare;LM-26;Ingegneria della sicurezza
Ingegneria per l’ambiente e il territorio;Tabella XXIX del regio decreto 30.9.1938 n.1652 come modificata dal DM 22.5.1995 in G.U. n. 166 del 18.7.1995;38/S;Ingegneria per l'ambiente e il territorio;LM-35;Ingegneria per l'ambiente e il territorio
Ingegneria per l’ambiente e il territorio;Tabella XXIX del regio decreto 30.9.1938 n.1652 come modificata dal DM 22.5.1995 in G.U. n. 166 del 18.7.1995;38/S;Ingegneria per l'ambiente e il territorio;LM-26;Ingegneria della sicurezza
Lettere;Tabella XII del regio decreto 30.9.1938 n.1652 come modificata dal DM 30. 10.1995 in G.U. n. 14 del 18.1.1996 e D.M. 5.2.1997 in G.U. n. 74 del 29.3.1997;1/S;Antropologia culturale ed etnologia;LM-1;Antropologia culturale ed etnologia
Lettere;Tabella XII del regio decreto 30.9.1938 n.1652 come modificata dal DM 30. 10.1995 in G.U. n. 14 del 18.1.1996 e D.M. 5.2.1997 in G.U. n. 74 del 29.3.1997;2/S;Archeologia;LM-2;Archeologia
Lettere;Tabella XII del regio decreto 30.9.1938 n.1652 come modificata dal DM 30. 10.1995 in G.U. n. 14 del 18.1.1996 e D.M. 5.2.1997 in G.U. n. 74 del 29.3.1997;5/S;Archivistica e biblioteconomia;LM-5;Archivistica e biblioteconomia
Lettere;Tabella XII del regio decreto 30.9.1938 n.1652 come modificata dal DM 30. 10.1995 in G.U. n. 14 del 18.1.1996 e D.M. 5.2.1997 in G.U. n. 74 del 29.3.1997;10/S;Conservazione dei beni architettonici e ambientali;LM-10;Conservazione dei beni architettonici e ambientali
Lettere;Tabella XII del regio decreto 30.9.1938 n.1652 come modificata dal DM 30. 10.1995 in G.U. n. 14 del 18.1.1996 e D.M. 5.2.1997 in G.U. n. 74 del 29.3.1997;12/S;Conservazione e restauro del patrimonio storico-artistico;LM-11;Conservazione e restauro dei beni culturali
Lettere;Tabella XII del regio decreto 30.9.1938 n.1652 come modificata dal DM 30. 10.1995 in G.U. n. 14 del 18.1.1996 e D.M. 5.2.1997 in G.U. n. 74 del 29.3.1997;15/S;Filologia e letterature dell’antichità;LM-15;Filologia, letterature e storia dell'antichità
Lettere;Tabella XII del regio decreto 30.9.1938 n.1652 come modificata dal DM 30. 10.1995 in G.U. n. 14 del 18.1.1996 e D.M. 5.2.1997 in G.U. n. 74 del 29.3.1997;16/S;Filologia moderna;LM-14;Filologia moderna
Lettere;Tabella XII del regio decreto 30.9.1938 n.1652 come modificata dal DM 30. 10.1995 in G.U. n. 14 del 18.1.1996 e D.M. 5.2.1997 in G.U. n. 74 del 29.3.1997;40/S;Lingua e cultura italiana;LM-14;Filologia moderna
Lettere;Tabella XII del regio decreto 30.9.1938 n.1652 come modificata dal DM 30. 10.1995 in G.U. n. 14 del 18.1.1996 e D.M. 5.2.1997 in G.U. n. 74 del 29.3.1997;21/S;Geografia;LM-80;Scienze geografiche
Lettere;Tabella XII del regio decreto 30.9.1938 n.1652 come modificata dal DM 30. 10.1995 in G.U. n. 14 del 18.1.1996 e D.M. 5.2.1997 in G.U. n. 74 del 29.3.1997;24/S;Informatica per le discipline umanistiche;LM-43;Metodologie informatiche per le discipline umanistiche
Lettere;Tabella XII del regio decreto 30.9.1938 n.1652 come modificata dal DM 30. 10.1995 in G.U. n. 14 del 18.1.1996 e D.M. 5.2.1997 in G.U. n. 74 del 29.3.1997;44/S;Linguistica;LM-39;Linguistica
Lettere;Tabella XII del regio decreto 30.9.1938 n.1652 come modificata dal DM 30. 10.1995 in G.U. n. 14 del 18.1.1996 e D.M. 5.2.1997 in G.U. n. 74 del 29.3.1997;51/S;Musicologia e beni musicali;LM-45;Musicologia e beni culturali
Lettere;Tabella XII del regio decreto 30.9.1938 n.1652 come modificata dal DM 30. 10.1995 in G.U. n. 14 del 18.1.1996 e D.M. 5.2.1997 in G.U. n. 74 del 29.3.1997;72/S;Scienze delle religioni;LM-64;Scienze delle religioni
Lettere;Tabella XII del regio decreto 30.9.1938 n.1652 come modificata dal DM 30. 10.1995 in G.U. n. 14 del 18.1.1996 e D.M. 5.2.1997 in G.U. n. 74 del 29.3.1997;73/S;Scienze dello spettacolo e della produzione multimediale;LM-65;Scienze dello spettacolo e produzione multimediale
Lettere;Tabella XII del regio decreto 30.9.1938 n.1652 come modificata dal DM 30. 10.1995 in G.U. n. 14 del 18.1.1996 e D.M. 5.2.1997 in G.U. n. 74 del 29.3.1997;93/S;Storia antica;LM-84;Scienze storiche
Lettere;Tabella XII del regio decreto 30.9.1938 n.1652 come modificata dal DM 30. 10.1995 in G.U. n. 14 del 18.1.1996 e D.M. 5.2.1997 in G.U. n. 74 del 29.3.1997;94/S;Storia contemporanea;LM-84;Scienze storiche
Lettere;Tabella XII del regio decreto 30.9.1938 n.1652 come modificata dal DM 30. 10.1995 in G.U. n. 14 del 18.1.1996 e D.M. 5.2.1997 in G.U. n. 74 del 29.3.1997;98/S;Storia moderna;LM-84;Scienze storiche
Lettere;Tabella XII del regio decreto 30.9.1938 n.1652 come modificata dal DM 30. 10.1995 in G.U. n. 14 del 18.1.1996 e D.M. 5.2.1997 in G.U. n. 74 del 29.3.1997;97/S;Storia medievale;LM-84;Scienze storiche
Lettere;Tabella XII del regio decreto 30.9.1938 n.1652 come modificata dal DM 30. 10.1995 in G.U. n. 14 del 18.1.1996 e D.M. 5.2.1997 in G.U. n. 74 del 29.3.1997;95/S;Storia dell’arte;LM-89;Storia dell'arte
Lingua e cultura italiana;Università per stranieri di Siena D.R. n. 95 del 4.9.1998;16/S;Filologia moderna;LM-14;Filologia moderna
Lingue, culture ed istituzioni dei paesi del Mediterraneo;Napoli Orientale - Decreto Rett. n. 1832 del 27.12.1999 in G.U. n. 36 del 14.2.2000;41/S;Lingue e letterature afroasiatiche;LM-36;Lingue e letterature dell'Africa e dell'Asia
Lingue, culture ed istituzioni dei paesi del Mediterraneo;Napoli Orientale - Decreto Rett. n. 1832 del 27.12.1999 in G.U. n. 36 del 14.2.2000;42/S;Lingue e letterature moderne euroamericane;LM-37;Lingue e letterature moderne europee e americane
Lingue e civiltà orientali;Tab. IX-quater del regio decreto 30.9.1938 n.1652, aggiunta dal D.M. 23.2.1994 in G.U. n.218 del 17.9.1994;2/S;Archeologia;LM-2;Archeologia
Lingue e civiltà orientali;Tab. IX-quater del regio decreto 30.9.1938 n.1652, aggiunta dal D.M. 23.2.1994 in G.U. n.218 del 17.9.1994;41/S;Lingue e letterature afroasiatiche;LM-36;Lingue e letterature dell'Africa e dell'Asia
Lingue e civiltà orientali;Tab. IX-quater del regio decreto 30.9.1938 n.1652, aggiunta dal D.M. 23.2.1994 in G.U. n.218 del 17.9.1994;43/S;Lingue straniere per la comunicazione internazionale;LM-38;Lingue moderne per la comunicazione e la cooperazione
Lingue e civiltà orientali;Tab. IX-quater del regio decreto 30.9.1938 n.1652, aggiunta dal D.M. 23.2.1994 in G.U. n.218 del 17.9.1994;44/S;Linguistica;LM-39;Linguistica
Lingue e civiltà orientali;Tab. IX-quater del regio decreto 30.9.1938 n.1652, aggiunta dal D.M. 23.2.1994 in G.U. n.218 del 17.9.1994;72/S;Scienze delle religioni;LM-64;Scienze delle religioni
Lingue e civiltà orientali;Tab. IX-quater del regio decreto 30.9.1938 n.1652, aggiunta dal D.M. 23.2.1994 in G.U. n.218 del 17.9.1994;95/S;Storia dell’arte;LM-89;Storia dell'arte
Lingue e culture dell’Europa Orientale;Napoli Orientale - Decreto Rett. n. 1856 del 28.12.1999 in G.U. n. 36 del 14.2.2000;42/S;Lingue e letterature moderne euroamericane;LM-37;Lingue e letterature moderne europee e americane
Lingue e culture europee;Catania (Catania e Ragusa), Modena e Reggio Emilia - Decreto Rett. 15.10.1997 in G.U. n. 253 del 29.10.1997;42/S;Lingue e letterature moderne euroamericane;LM-37;Lingue e letterature moderne europee e americane
Lingue e letterature orientali;Tab. IX-bis del regio decreto 30.9.1938 n.1652 come modificata dal D.P.R. n. 934 del 5.9.1980 in G.U. n.11 del 13.1.1981;41/S;Lingue e letterature afroasiatiche;L-36;Lingue e letterature dell’Africa e dell’Asia
Lingue e letterature straniere;Tabella IX del regio decreto 30.9.1938 n.1652 come modificata dal DM 2.10.1995 in G.U. n. 140 del 17.6.1996 come corretto con il DM 27.2.1997 in G.U. n. 105 del 8.5.1997;39/S;Interpretariato di conferenza;LM-94;Traduzione specialistica e interpretariato
Lingue e letterature straniere;Tabella IX del regio decreto 30.9.1938 n.1652 come modificata dal DM 2.10.1995 in G.U. n. 140 del 17.6.1996 come corretto con il DM 27.2.1997 in G.U. n. 105 del 8.5.1997;104/S;Traduzione letteraria e in traduzione tecnico-scientifica;LM-94;Traduzione specialistica e interpretariato
Lingue e letterature straniere;Tabella IX del regio decreto 30.9.1938 n.1652 come modificata dal DM 2.10.1995 in G.U. n. 140 del 17.6.1996 come corretto con il DM 27.2.1997 in G.U. n. 105 del 8.5.1997;41/S;Lingue e letterature afroasiatiche;LM-36;Lingue e letterature dell'Africa e dell'Asia
Lingue e letterature straniere;Tabella IX del regio decreto 30.9.1938 n.1652 come modificata dal DM 2.10.1995 in G.U. n. 140 del 17.6.1996 come corretto con il DM 27.2.1997 in G.U. n. 105 del 8.5.1997;42/S;Lingue e letterature moderne Euroamericane;LM-37;Lingue e letterature moderne europee e americane
Lingue e letterature straniere;Tabella IX del regio decreto 30.9.1938 n.1652 come modificata dal DM 2.10.1995 in G.U. n. 140 del 17.6.1996 come corretto con il DM 27.2.1997 in G.U. n. 105 del 8.5.1997;43/S;Lingue straniere per la comunicazione internazionale;LM-38;Lingue moderne per la comunicazione e la cooperazione
Lingue e letterature straniere;Tabella IX del regio decreto 30.9.1938 n.1652 come modificata dal DM 2.10.1995 in G.U. n. 140 del 17.6.1996 come corretto con il DM 27.2.1997 in G.U. n. 105 del 8.5.1997;44/S;Linguistica;LM-39;Linguistica
Marketing;Parma - Decreto Rett. del 31.07.1998 in G.U. n. 234 del 7.10.1998;84/S;Scienze economico-aziendali;LM-77;Scienze economico-aziendali
Matematica;Tabella XXII del regio decreto 30.9.1938 n.1652 come modificata dal DM 26.2.1996 in G.U. n. 97 del 26.4.1996;45/S;Matematica;LM-40;Matematica
Matematica;Tabella XXII del regio decreto 30.9.1938 n.1652 come modificata dal DM 26.2.1996 in G.U. n. 97 del 26.4.1996;50/S;Modellistica matematico-fisica per l'ingegneria;LM-44;Modellistica matematico-fisica per l'ingegneria
Materie letterarie;Tabella XIV del regio decreto 30.9.1938 n.1652;40/S;Lingua e cultura italiana;LM-14;Filologia moderna
Medicina e Chirurgia;Tabella XVIII del regio decreto 30.9.1938 n.1652 come modificata dal DM 10.7.1996 in G.U. n. 255 del 30.10.1996;46/S;Medicina e chirurgia;LM-41;Medicina e chirurgia
Medicina veterinaria;Tabella XXXIII del regio decreto 30.9.1938 n.1652 come modificata dal DM 5.6.1995 in G.U. n. 226 del 27.9.1995;47/S;Medicina veterinaria;LM-42;Medicina veterinaria
Musicologia;Tab. XII-bis del regio decreto 30.9.1938 n.1652 aggiunta dal DM 25.11.1996 in G.U.n.75 dell’1.4.1997;51/S;Musicologia e beni musicali;LM-45;Musicologia e beni culturali
Musicologia;Tab. XII-bis del regio decreto 30.9.1938 n.1652 aggiunta dal DM 25.11.1996 in G.U.n.75 dell’1.4.1997;73/S;Scienze dello spettacolo e della produzione multimediale;LM-65;Scienze dello spettacolo e produzione multimediale
Odontoiatria e protesi dentaria;Tabella XVIII-bis del regio decreto 30.9.1938 n.1652 come modificata;52/S;Odontoiatria e protesi dentaria;LM-46;Odontoiatria e protesi dentaria
Pedagogia;Tabella XV del regio decreto 30.9.1938 n.1652;65/S;Scienze dell’educazione degli adulti e della formazione continua;LM-57;Scienze dell’educazione degli adulti e della formazione continua
Pedagogia;Tabella XV del regio decreto 30.9.1938 n.1652;87/S;Scienze pedagogiche;LM-85;Scienze pedagogiche
Pianificazione territoriale e urbanistica;Tab. XXX-bis del regio decreto 30.9.1938 n.1652 come modificata dal D.P.R. n. 806 del 9.9.1982 in G.U. n. 305 del 5.11.1982;54/S;Pianificazione territoriale urbanistica e ambientale;LM-48;Pianificazione territoriale urbanistica e ambientale
Pianificazione territoriale, urbanistica e ambientale;Tabella XXX del regio decreto 30.9.1938 n.1652 come modificata dal D.M. 19.7.1993 in G.U.n.261 del 6.11.1993;54/S;Pianificazione territoriale urbanistica e ambientale;LM-48;Pianificazione territoriale urbanistica e ambientale
Politica del territorio;Trieste (Gorizia) - Decreto Rett. 31.10.1997 su GU 291 del 15.12.1997;54/S;Pianificazione territoriale urbanistica e ambientale;LM-48;Pianificazione territoriale urbanistica e ambientale
Psicologia;Tabella XV-ter del regio decreto 30.9.1938 n.1652 come modificata dal DM 17.7.1995 in G.U. n. 268 del 16.11.1995;58/S;Psicologia;LM-51;Psicologia
Relazioni pubbliche;Tab. XXXVII del regio decreto 30.9.1938 n.1652 aggiunta dal D.M. 25.7.1991 in G.U. n.68 del 21.3.1992;13/S;Editoria, comunicazione multimediale e giornalismo;LM-19;Informazione e sistemi editoriali
Relazioni pubbliche;Tab. XXXVII del regio decreto 30.9.1938 n.1652 aggiunta dal D.M. 25.7.1991 in G.U. n.68 del 21.3.1992;59/S;Pubblicità e comunicazione d'impresa;LM-59;Scienze della comunicazione pubblica, d'impresa e pubblicità
Relazioni pubbliche;Tab. XXXVII del regio decreto 30.9.1938 n.1652 aggiunta dal D.M. 25.7.1991 in G.U. n.68 del 21.3.1992;67/S;Scienze della comunicazione sociale e istituzionale;LM-59;Scienze della comunicazione pubblica, d'impresa e pubblicità
Relazioni pubbliche;Tab. XXXVII del regio decreto 30.9.1938 n.1652 aggiunta dal D.M. 25.7.1991 in G.U. n.68 del 21.3.1992;101/S;Teoria della comunicazione;LM-92;Teorie della comunicazione
Relazioni pubbliche;Tab. XXXVII del regio decreto 30.9.1938 n.1652 aggiunta dal D.M. 25.7.1991 in G.U. n.68 del 21.3.1992;101/S;Teoria della comunicazione;LM-93;Teorie e metodologie dell'e-learning e della media education
Scienza dei materiali;Tabella VI del regio decreto 30.9.1938 n.1652 come modificata dal DM 21.4.1993 in G.U. n. 176 del 29.7.1993;61/S;Scienza e ingegneria dei materiali;LM-53;Scienza e ingegneria dei materiali
Scienze agrarie;Tabella XXXI del regio decreto 30.9.1938 n.1652 come modificata dal DM 10.12.1993 in G.U. n. 143 del 21.6.1994;77/S;Scienze e tecnologie agrarie;LM-69;Scienze e tecnologie agrarie
Scienze agrarie tropicali e subtropicali;Tab. XXXII-bis del regio decreto 30.9.1938 n.1652 come modificata dal D.P.R. 5.4.1989 in G.U. n. 214 del 13.9.1989 e dal DM 8.8.96 in G.U. n.262 del 8.11.96;77/S;Scienze e tecnologie agrarie;LM-69;Scienze e tecnologie agrarie
Scienze ambientali;Tab. XXXV del regio decreto 30.9.1938 n.1652 come modificata dal D.M. 19.7.1996 in G.U.n.256 del 31.10.1996;82/S;Scienze e tecnologie per l'ambiente e il territorio;LM-75;Scienze e tecnologie per l'ambiente e il territorio
Scienze biologiche;Tabella XXV del regio decreto 30.9.1938 n.1652 come modificata dal DM 26.5.1995 in G.U. n. 266 del 14.11.1995;6/S;Biologia;LM-6;Biologia
Scienze biologiche;Tabella XXV del regio decreto 30.9.1938 n.1652 come modificata dal DM 26.5.1995 in G.U. n. 266 del 14.11.1995;69/S;Scienze della nutrizione umana;LM-61;Scienze della nutrizione umana
Scienze dell’amministrazione;Tab. III-bis del regio decreto 30.9.1938 n.1652 aggiunta dal D.M. 31.5.1995 in G.U. n.268 del 16.11.1995;71/S;Scienze delle pubbliche amministrazioni;LM-63;Scienze delle pubbliche amministrazioni
Scienze dell’educazione;Tabella XV del regio decreto 30.9.1938 n.1652 come modificata dal DM 17.5.1996 in G.U. n. 150 del 28.6.1996, dal D.M. 4.11.1996 in G.U. n.28 del 4.2.1997 e dal D.M. 5.2.1997 in G.U. n. 74 del 29.3.1997;56/S;Programmazione e gestione dei servizi educativi e formativi;LM-50;Programmazione e gestione dei servizi educativi
Scienze dell’educazione;Tabella XV del regio decreto 30.9.1938 n.1652 come modificata dal DM 17.5.1996 in G.U. n. 150 del 28.6.1996, dal D.M. 4.11.1996 in G.U. n.28 del 4.2.1997 e dal D.M. 5.2.1997 in G.U. n. 74 del 29.3.1997;65/S;Scienze dell'educazione degli adulti e della formazione continua;LM-57;Scienze dell'educazione degli adulti e della formazione continua
Scienze dell’educazione;Tabella XV del regio decreto 30.9.1938 n.1652 come modificata dal DM 17.5.1996 in G.U. n. 150 del 28.6.1996, dal D.M. 4.11.1996 in G.U. n.28 del 4.2.1997 e dal D.M. 5.2.1997 in G.U. n. 74 del 29.3.1997;87/S;Scienze pedagogiche;LM-85;Scienze pedagogiche
Scienze dell’educazione;Tabella XV del regio decreto 30.9.1938 n.1652 come modificata dal DM 17.5.1996 in G.U. n. 150 del 28.6.1996, dal D.M. 4.11.1996 in G.U. n.28 del 4.2.1997 e dal D.M. 5.2.1997 in G.U. n. 74 del 29.3.1997;87/S;Scienze pedagogiche;LM-93;Teorie e metodologie dell'e-learning e della media education
Scienze dell’informazione;Tab. XXVI-bis del regio decreto 30.9.1938 n.1652 aggiunta dal D.P.R. n. 24 28.1.1969;23/S;Informatica;LM-18;Informatica
Scienze dell’informazione;Tab. XXVI-bis del regio decreto 30.9.1938 n.1652 aggiunta dal D.P.R. n. 24 28.1.1969;23/S;Informatica;LM-66;Sicurezza informatica
Scienze dell’informazione;Tab. XXVI-bis del regio decreto 30.9.1938 n.1652 aggiunta dal D.P.R. n. 24 28.1.1969;100/S;Tecniche e metodi per la società dell'informazione;LM-91;Tecniche e metodi per la società dell'informazione
Scienze della comunicazione;Tabella XL del regio decreto 30.9.1938 n.1652 come modificata dal DM 31.10.1991 in G.U. n. 139 del 15.6.1992, dal D.M. 21.4.1993 in G.U. n. 177 del 30.7.1993 e dal DM 11.4.1996 in G.U. n. 140 del 17.6.1996;13/S;Editoria, comunicazione multimediale e giornalismo;LM-19;Informazione e sistemi editoriali
Scienze della comunicazione;Tabella XL del regio decreto 30.9.1938 n.1652 come modificata dal DM 31.10.1991 in G.U. n. 139 del 15.6.1992, dal D.M. 21.4.1993 in G.U. n. 177 del 30.7.1993 e dal DM 11.4.1996 in G.U. n. 140 del 17.6.1996;59/S;Pubblicità e comunicazione d'impresa;LM-59;Scienze della comunicazione pubblica, d'impresa e pubblicità
Scienze della comunicazione;Tabella XL del regio decreto 30.9.1938 n.1652 come modificata dal DM 31.10.1991 in G.U. n. 139 del 15.6.1992, dal D.M. 21.4.1993 in G.U. n. 177 del 30.7.1993 e dal DM 11.4.1996 in G.U. n. 140 del 17.6.1996;67/S;Scienze della comunicazione sociale e istituzionale;LM-59;Scienze della comunicazione pubblica, d'impresa e pubblicità
Scienze della comunicazione;Tabella XL del regio decreto 30.9.1938 n.1652 come modificata dal DM 31.10.1991 in G.U. n. 139 del 15.6.1992, dal D.M. 21.4.1993 in G.U. n. 177 del 30.7.1993 e dal DM 11.4.1996 in G.U. n. 140 del 17.6.1996;100/S;Tecniche e metodi per la società dell'informazione;LM-91;Tecniche e metodi per la società dell'informazione
Scienze della comunicazione;Tabella XL del regio decreto 30.9.1938 n.1652 come modificata dal DM 31.10.1991 in G.U. n. 139 del 15.6.1992, dal D.M. 21.4.1993 in G.U. n. 177 del 30.7.1993 e dal DM 11.4.1996 in G.U. n. 140 del 17.6.1996;101/S;Teoria della comunicazione;LM-92;Teorie della comunicazione
Scienze della comunicazione;Tabella XL del regio decreto 30.9.1938 n.1652 come modificata dal DM 31.10.1991 in G.U. n. 139 del 15.6.1992, dal D.M. 21.4.1993 in G.U. n. 177 del 30.7.1993 e dal DM 11.4.1996 in G.U. n. 140 del 17.6.1996;101/S;Teoria della comunicazione;LM-93;Teorie e metodologie dell'e-learning e della media education
Scienze della cultura;Modena e Reggio Emilia - Decreto Rett. del 30.7.1998 in G.U. n. 208 del 7.9.1998;1/S;Antropologia culturale ed etnologia;LM-1;Antropologia culturale ed etnologia
Scienze della produzione animale Scienze delle produzioni animali;Tab. XXXI-ter del regio decreto 30.9.1938 n.1652 aggiunta dal D.P.R. n. 994 del 19.7.1986 in G.U. n. 31 del 7.2.1987e modificata dal D.P.R. n. 585 del 30.10.1987 in G.U. n. 70 del 24.3.1988;79/S;Scienze e tecnologie agrozootecniche;LM-86;Scienze zootecniche e tecnologie animali
Scienze della programmazione sanitaria;Università di Modena e Reggio Emilia – Decreto Rett. n. 501 del 30.7.1998;84/S;Scienze economico-aziendali;LM-77;Scienze economico-aziendali
Scienze e tecniche dell’interculturalità;Palermo, Trieste - Decreto Rett. 31.7.1998 su G.U. 203 del 1.9.1998;57/S;Programmazione e gestione delle politiche e dei servizi sociali;LM-87;Servizio sociale e politiche sociali
Scienze e tecniche dell’interculturalità;Palermo, Trieste - Decreto Rett. 31.7.1998 su G.U. 203 del 1.9.1998;43/S;Lingue straniere per la comunicazione internazionale;LM-38;Lingue moderne per la comunicazione e la cooperazione
Scienze e tecnologie agrarie;Tabella XXXI del regio decreto 30.9.1938 n.1652 come modificata dal DM 10.12.1993 in G.U. n. 143 del 21.6.1994 e D.M. 29.9.1994 su G.U.184 del 8.8.1995;77/S;Scienze e tecnologie agrarie;LM-69;Scienze e tecnologie agrarie
Scienze e tecnologie agrarie;Tabella XXXI del regio decreto 30.9.1938 n.1652 come modificata dal DM 10.12.1993 in G.U. n. 143 del 21.6.1994 e D.M. 29.9.1994 su G.U.184 del 8.8.1995;79/S;Scienze e tecnologie agrozootecniche;LM-86;Scienze zootecniche e tecnologie animali
Scienze e tecnologie alimentari;Tabella XXXI-bis del regio decreto 30.9.1938 n.1652 come modificata dal DM 10.12.1993 in G.U. n. 143 del 21.6.1994;78/S;Scienze e tecnologie agroalimentari;LM-70;Scienze e tecnologie alimentari
Scienze e tecnologie delle produzioni animali;Tab. XXXI-ter del regio decreto 30.9.1938 n.1652 come modificata dal D.M. 8.8.1996 in G.U. n. 236 dell'8.10.1996;79/S;Scienze e tecnologie agrozootecniche;LM-86;Scienze zootecniche e tecnologie animali
Scienze economiche, statistiche e sociali;Milano Bocconi - Decreto Rett. n. 4818 del 23.7.1999;64/S;Scienze dell’economia;LM-56;Scienze dell'economia
Scienze economiche, statistiche e sociali;Milano Bocconi - Decreto Rett. n. 4818 del 23.7.1999;91/S;Statistica economica, finanziaria ed attuariale;LM-82;Scienze statistiche
Scienze forestali Scienze forestali e ambientali;Tabella XXXII del regio decreto 30.9.1938 n.1652 come modificata dal DM 10.12.1993 in G.U. n. 143 del 21.6.1994;74/S;Scienze e gestione delle risorse rurali e forestali;LM-73;Scienze e tecnologie forestali ed ambientali
Scienze geologiche;Tabella XXVI del regio decreto 30.9.1938 n.1652 come modificata dal D.P.R. 4.5.1989 in G.U. n. 230 del 2.10.1989;86/S;Scienze geologiche;LM-74;Scienze e tecnologie geologiche LM-79 Scienze geofisiche
Scienze geologiche;Tabella XXVI del regio decreto 30.9.1938 n.1652 come modificata dal D.P.R. 4.5.1989 in G.U. n. 230 del 2.10.1989;85/S;Scienze geofisiche;LM-74;Scienze e tecnologie geologiche LM-79 Scienze geofisiche
Scienze internazionali e diplomatiche;Tab. XXXVI del regio decreto 30.9.1938 n.1652 come modificata dal D.M. 10.10.1995 in G.U. n. 54 del 5.3.1996 e dal D.M. 11.4.1996 in G.U. n. 138 del 14.6.1996;60/S;Relazioni internazionali;LM-52;Relazioni internazionali
Scienze internazionali e diplomatiche;Tab. XXXVI del regio decreto 30.9.1938 n.1652 come modificata dal D.M. 10.10.1995 in G.U. n. 54 del 5.3.1996 e dal D.M. 11.4.1996 in G.U. n. 138 del 14.6.1996;88/S;Scienze per la cooperazione allo sviluppo;LM-81;Scienze per la cooperazione allo sviluppo
Scienze internazionali e diplomatiche;Tab. XXXVI del regio decreto 30.9.1938 n.1652 come modificata dal D.M. 10.10.1995 in G.U. n. 54 del 5.3.1996 e dal D.M. 11.4.1996 in G.U. n. 138 del 14.6.1996;99/S;Studi europei;LM-90;Studi europei
Scienze motorie;D. Lgs. 8.5.1998 n.178 in G.U. n. 131 dell'8.6.1998;53/S;Organizzazione e gestione dei servizi per lo sport e le attività motorie;LM-47;Organizzazione e gestione dei servizi per lo sport e le attività motorie
Scienze motorie;D. Lgs. 8.5.1998 n.178 in G.U. n. 131 dell'8.6.1998;75/S;Scienze e tecnica dello sport;LM-68;Scienze e tecniche dello sport
Scienze motorie;D. Lgs. 8.5.1998 n.178 in G.U. n. 131 dell'8.6.1998;76/S;Scienze e tecniche delle attività motorie preventive e adattative;LM-67;Scienze e tecniche delle attività motorie preventive e adattative
Scienze naturali;Tab. XXIV del regio decreto 30.9.1938 n.1652 come modificata dal D.M. 8.8.1996 in G.U. n.261 del 7.11.1996;68/S;Scienze della natura;LM-60;Scienze della natura
Scienze nautiche;"Napoli Parthenope (Napoli Navale) - Decreto Rett. n. 3909 del 27.10.1997 in G.U. n. 268 del 17.11.1997";80/S;Scienze e tecnologie dei sistemi di navigazione;LM-72;Scienze e tecnologie della navigazione
Scienze politiche;Tabella IV del regio decreto 30.9.1938 n.1652 come modificata dal DM 4.11.1995 in G.U. n. 13 del 17.1.1996;57/S;Programmazione e gestione delle politiche e dei servizi sociali;LM-87;Servizio sociale e politiche sociali
Scienze politiche;Tabella IV del regio decreto 30.9.1938 n.1652 come modificata dal DM 4.11.1995 in G.U. n. 13 del 17.1.1996;60/S;Relazioni internazionali;LM-52;Relazioni internazionali
Scienze politiche;Tabella IV del regio decreto 30.9.1938 n.1652 come modificata dal DM 4.11.1995 in G.U. n. 13 del 17.1.1996;64/S;Scienze dell’economia;LM-56;Scienze dell’economia
Scienze politiche;Tabella IV del regio decreto 30.9.1938 n.1652 come modificata dal DM 4.11.1995 in G.U. n. 13 del 17.1.1996;70/S;Scienze della politica;LM-62;Scienze della politica
Scienze politiche;Tabella IV del regio decreto 30.9.1938 n.1652 come modificata dal DM 4.11.1995 in G.U. n. 13 del 17.1.1996;71/S;Scienze delle pubbliche amministrazioni;LM-63;Scienze delle pubbliche amministrazioni
Scienze politiche;Tabella IV del regio decreto 30.9.1938 n.1652 come modificata dal DM 4.11.1995 in G.U. n. 13 del 17.1.1996;88/S;Scienze per la cooperazione allo sviluppo;LM-81;Scienze per la cooperazione allo sviluppo
Scienze politiche;Tabella IV del regio decreto 30.9.1938 n.1652 come modificata dal DM 4.11.1995 in G.U. n. 13 del 17.1.1996;89/S;Sociologia;LM-88;Sociologia e ricerca sociale
Scienze politiche;Tabella IV del regio decreto 30.9.1938 n.1652 come modificata dal DM 4.11.1995 in G.U. n. 13 del 17.1.1996;99/S;Studi europei;LM-90;Studi europei
Scienze statistiche demografiche e sociali;Tabella V del regio decreto 30.9.1938 n.1652 come modificata dal DM 21.10.1992 in G.U. n. 24 del 30.1.93 e dal D.M. 7.11.1995 in G.U. n. 34 del 10.2.1996;90/S;Statistica demografica e sociale;LM-82;Scienze statistiche
Scienze statistiche ed attuariali;Tabella V del regio decreto 30.9.1938 n.1652 come modificata dal DM 21.10.1992 in G.U. n. 24 del 30.1.93 e dal D.M. 7.11.1995 in G.U. n. 34 del 10.2.1996;91/S;Statistica economica, finanziaria ed attuariale;LM-16;Finanza LM-82 Scienze statistiche LM-83 Scienze statistiche attuariali e finanziarie
Scienze statistiche ed economiche;Tabella V del regio decreto 30.9.1938 n.1652 come modificata dal DM 21.10.1992 in G.U. n. 24 del 30.1.93 e dal D.M. 7.11.1995 in G.U. n. 34 del 10.2.1996;91/S;Statistica economica, finanziaria ed attuariale;LM-82;Scienze statistiche LM-83 Scienze statistiche attuariali e finanziarie
Scienze turistiche;Milano IULM - Decreto Rett. n. 10602 del 28.10.1998;55/S;Progettazione e gestione dei sistemi turistici;LM-49;Progettazione e gestione dei sistemi turistici
Servizio sociale;Roma LUMSA, Trieste - Decreto Rett. 17.12.1998 su G.U. del 3 del 5.1.1999;57/S;Programmazione e gestione delle politiche e dei servizi sociali;LM-87;Servizio sociale e politiche sociali
Sociologia;Tabella IV-bis del regio decreto 30.9.1938 n.1652 come modificata dal DM 6.2.1991 in G.U. 87 del 13.4.1991 e dal D.M. 14.5.1997 in G.U. n. 228 del 30.9.97;89/S;Sociologia;LM-88;Sociologia e ricerca sociale
Sociologia;Tabella IV-bis del regio decreto 30.9.1938 n.1652 come modificata dal DM 6.2.1991 in G.U. 87 del 13.4.1991 e dal D.M. 14.5.1997 in G.U. n. 228 del 30.9.97;49/S;Metodi per la ricerca empirica nelle scienze sociali;LM-88;Sociologia e ricerca sociale
Statistica;Tabella V del regio decreto 30.9.1938 n.1652 come modificata dal DM 21.10.1992 in G.U. n. 24 del 30.1.93 e dal D.M. 7.11.1995 in G.U. n. 34 del 10.2.1996;48/S;Metodi per l'analisi valutativa dei sistemi complessi 92/S;Statistica per la ricerca sperimentale;LM-82;Scienze statistiche
Statistica e informatica per l’azienda;Tabella V del regio decreto 30.9.1938 n.1652 come modificata dal DM 21.10.1992 in G.U. n. 24 del 30.1.93 e dal D.M. 7.11.1995 in G.U. n. 34 del 10.2.1996;92/S;Statistica per la ricerca sperimentale;LM-82;Scienze statistiche
Storia;Tabella XXXIII-bis del regio decreto 30.9.1938 n.1652 come modificata dal DM 18.3.1996 in G.U. n. 98 del 27.4.1996;93/S;Storia antica;LM-84;Scienze storiche
Storia;Tabella XXXIII-bis del regio decreto 30.9.1938 n.1652 come modificata dal DM 18.3.1996 in G.U. n. 98 del 27.4.1996;94/S;Storia contemporanea;LM-84;Scienze storiche
Storia;Tabella XXXIII-bis del regio decreto 30.9.1938 n.1652 come modificata dal DM 18.3.1996 in G.U. n. 98 del 27.4.1996;97/S;Storia medievale;LM-84;Scienze storiche
Storia;Tabella XXXIII-bis del regio decreto 30.9.1938 n.1652 come modificata dal DM 18.3.1996 in G.U. n. 98 del 27.4.1996;98/S;Storia moderna;LM-84;Scienze storiche
Storia e conservazione dei beni architettonici e ambientali;Tabella XXX del regio decreto 30.9.1938 n.1652 come modificata ed integrata dal D.M. 19.7.1993 in G.U. n. 261 del 6.11.1993;10/S;Conservazione dei beni architettonici e ambientali;LM-10;Conservazione dei beni architettonici e ambientali
Storia e conservazione dei beni culturali;Macerata - Decreto Rett. n. 33 del 15.11.1997;1/S;Antropologia culturale ed etnologia;LM-1;Antropologia culturale ed etnologia
Storia e conservazione dei beni culturali;Macerata - Decreto Rett. n. 33 del 15.11.1997;2/S;Archeologia;LM-2;Archeologia
Storia e conservazione dei beni culturali;Macerata - Decreto Rett. n. 33 del 15.11.1997;5/S;Archivistica e biblioteconomia;LM-5;Archivistica e biblioteconomia
Storia e conservazione dei beni culturali;Macerata - Decreto Rett. n. 33 del 15.11.1997;12/S;Conservazione e restauro del patrimonio storico-artistico;LM-11;Conservazione e restauro dei beni culturali
Storia e conservazione dei beni culturali;Macerata - Decreto Rett. n. 33 del 15.11.1997;24/S;Informatica per le discipline umanistiche;LM-43;Metodologie informatiche per le discipline umanistiche
Storia e conservazione dei beni culturali;Macerata - Decreto Rett. n. 33 del 15.11.1997;95/S;Storia dell'arte;LM-89;Storia dell'arte
Studi comparatistici;Catania (Ragusa), Napoli Orientale - Decreto Rett. n. 1195 del 6.8.1997;41/S;Lingue e letterature afroasiatiche;LM-36;Lingue e letterature dell'Africa e dell'Asia
Studi comparatistici;Catania (Ragusa), Napoli Orientale - Decreto Rett. n. 1195 del 6.8.1997;42/S;Lingue e letterature moderne euroamericane;LM-37;Lingue e letterature moderne europee e americane
Traduzione ed interpretazione;Tabella IX-quinquies del regio decreto 30.9.1938 n.1652 aggiunta dal D.M. 2.10.1995 in G.U. n. 101 del 2.5.1996;39/S;Interpretariato di conferenza;LM-94;Traduzione specialistica e interpretariato
Traduzione ed interpretazione;Tabella IX-quinquies del regio decreto 30.9.1938 n.1652 aggiunta dal D.M. 2.10.1995 in G.U. n. 101 del 2.5.1996;104/S;Traduzione letteraria e in traduzione tecnico-scientifica;LM-94;Traduzione specialistica e interpretariato
Urbanistica;Tab. XXX bis del regio decreto 30.9.1938 n.1652 aggiunta dal D.P.R. n. 1009 del 14.10.1970;54/S;Pianificazione territoriale urbanistica e ambientale;LM-48;Pianificazione territoriale urbanistica e ambientale
Urbanistica;Tab. XXX bis del regio decreto 30.9.1938 n.1652 aggiunta dal D.P.R. n. 1009 del 14.10.1970;SNT/01/S;Scienze infermieritiche e ostetriche;LM/SNT1;Scienze infermieritiche e ostetriche
Urbanistica;Tab. XXX bis del regio decreto 30.9.1938 n.1652 aggiunta dal D.P.R. n. 1009 del 14.10.1970;SNT/02/S;Scienze delle professioni sanitarie della riabilitazione;LM/SNT2;Scienze riabilitive delle professioni sanitarie
Urbanistica;Tab. XXX bis del regio decreto 30.9.1938 n.1652 aggiunta dal D.P.R. n. 1009 del 14.10.1970;SNT/03/S;Scienze delle professioni sanitarie tecniche;LM/SNT3;Scienze delle professioni sanitarie tecniche
Urbanistica;Tab. XXX bis del regio decreto 30.9.1938 n.1652 aggiunta dal D.P.R. n. 1009 del 14.10.1970;SNT/04/S;Scienze delle professioni sanitarie della prevenzione;LM/SNT4;Scienze delle professioni sanitarie della prevenzione
